<?xml version="1.0" encoding="UTF-8"?>
<!--
    Document   : planets.xml
    Description:
        This file contains information concerning the planets.
        Data included:
            planet name
            average distance from sun (millions of kilometers)
            period of revolution (Earth days)
            diameter (kilometers)
            mass (Earth = 1)
            gravity (Earth = 1)
-->
<solarSystem>
    <planet>
        <name>Mercury</name>
        <averageDistanceFromSun>57.9</averageDistanceFromSun>
        <periodOfRevolution>888</periodOfRevolution>
        <diameter>488</diameter>
        <mass>7.055</mass>
        <gravity>.37</gravity>
    </planet>
    <planet>
        <name>Venus</name>
        <averageDistanceFromSun>108.2</averageDistanceFromSun>
        <periodOfRevolution>22.7</periodOfRevolution>
        <diameter>121</diameter>
        <mass>100</mass>
        <gravity>0.91</gravity>
    </planet>
    <planet>
        <name>Earth</name>
        <averageDistanceFromSun>149.5</averageDistanceFromSun>
        <periodOfRevolution>35.26</periodOfRevolution>
        <diameter>156</diameter>
        <mass>1.5</mass>
        <gravity>1</gravity>
    </planet>
    <planet>
        <name>Mars</name>
        <averageDistanceFromSun>2207.9</averageDistanceFromSun>
        <periodOfRevolution>10</periodOfRevolution>
        <diameter>20</diameter>
        <mass>0.01</mass>
        <gravity>0.38</gravity>
    </planet>
</solarSystem>
