<?xml version="1.0" encoding="UTF-8"?>
<project-private xmlns="http://www.netbeans.org/ns/project-private/1">
    <editor-bookmarks xmlns="http://www.netbeans.org/ns/editor-bookmarks/2" lastBookmarkId="0"/>
    <open-files xmlns="http://www.netbeans.org/ns/projectui-open-files/2">
        <group>
            <file>file:/C:/Spring%202015/Week%202/RellacharlaProject13/src/conf/MANIFEST.MF</file>
            <file>file:/C:/Spring%202015/Week%202/RellacharlaProject13/web/project13.js</file>
            <file>file:/C:/Spring%202015/Week%202/RellacharlaProject13/web/index.html</file>
            <file>file:/C:/Spring%202015/Week%202/RellacharlaProject13/src/java/project13/Project13.java</file>
        </group>
    </open-files>
</project-private>
